[1,["ecpdLyjvZBwrvm+cedCcQy","efAHb/Ee9OW4icg6Rr8ZoH","84V7Ms7P1B1oysryZUY2yt","19r7Qk/rhOj72L/NDoFDuY","e01+MU8plP7a96SjB2SohG","e085KtCf1DkZdXYAWjRuy5","9fUVHzaaJOMpNDU/zBeIMu","6cplcyHotMKo4Tn1++9Mj8","c8sVyoWDFKv70kf5SAyWmQ","972jFsOm5O6qDrGFQ3gDxy","09YlRjqC5K8Lx0kY15FLDB","a2MjXRFdtLlYQ5ouAFv/+R","42gUYK7S5CUoLySN3gcjl9","a3x1c6Q6FFTLuIHAbCDRjW","9eoSbRRi5A74Ozz7cYTv+s","11BN7FdWdItIt5+5i9BG9S","b9nC8ilzhK4ZVB+pgMzhaJ","02delMVqdBD70a/HSD99FK","aeqCm6YmJENokq/6zVMtnt","a6+ZVy28JDSZbtr1DxJt9c"],["node","_spriteFrame","_N$target","target","_textureSetter","_parent","_normalMaterial","_defaultClip","root","node_ly","node_ui","node_fail","node_finish","node_adapter","node_game","sp_bg","data","mahjongPrefab"],[["cc.Node",["_name","_active","_opacity","_prefab","_contentSize","_components","_parent","_children","_trs","_anchorPoint","_color"],0,4,5,9,1,2,7,5,5],"cc.SpriteFrame",["cc.Sprite",["_sizeMode","node","_materials","_spriteFrame"],2,1,3,6],["cc.Node",["_name","_prefab","_contentSize","_children","_parent","_components"],2,4,5,12,1,12],["cc.PrefabInfo",["fileId","root","asset"],2,1,1],["cc.Button",["zoomScale","_N$transition","node","clickEvents","_N$target","_normalMaterial"],1,1,9,1,6],["cc.Widget",["alignMode","_alignFlags","_top","_left","_bottom","_originalHeight","node"],-3,1],["cc.Prefab",["_name"],2],["71fc8YEnt5PPoCySW2MYje6",["node","sp_bg","node_game","node_adapter","node_finish","node_fail","node_ui","node_ly","mahjongPrefab"],3,1,1,1,1,1,1,1,1,6],["70c89xh/d9GLL4t3vJf7acF",["node"],3,1],["eb153Lx9DJKJJqG1Fam+c7l",["node"],3,1],["cc.ClickEvent",["_componentId","handler","target"],1,1],["cc.Animation",["playOnLoad","node","_clips","_defaultClip"],2,1,3,6],["cc.BlockInputEvents",["node"],3,1],["cc.AnimationClip",["_name","_duration","wrapMode","curveData"],0,11]],[[4,0,1,2,2],[2,1,2,3,1],[0,0,1,6,5,3,4,9,3],[11,0,1,2,3],[0,0,6,7,5,3,4,8,2],[0,0,6,7,5,3,4,9,8,2],[10,0,1],[5,0,1,2,3,4,3],[9,0,1],[0,0,6,5,3,4,8,2],[0,0,6,7,5,3,4,2],[0,0,6,5,3,4,2],[0,0,6,3,4,2],[5,0,1,2,3,5,3],[2,0,1,2,3,2],[12,0,1,2,3,2],[7,0,2],[0,0,7,5,3,4,8,2],[0,0,7,5,3,4,2],[0,0,6,3,2],[0,0,1,2,6,5,3,10,4,4],[0,0,1,6,5,3,4,3],[0,0,1,6,5,3,4,9,8,3],[3,0,3,1,2,2],[3,0,4,5,1,2,2],[8,0,1,2,3,4,5,6,7,8,1],[4,1,2,1],[2,0,1,2,2],[6,0,1,3,2,4,5,6,7],[6,0,1,2,6,4],[13,0,1],[14,0,1,2,3,4]],[[[{"name":"majiang","rect":[0,0,620,901],"offset":[0,0],"originalSize":[620,901],"capInsets":[0,0,0,0]}],[1],0,[0],[4],[7]],[[{"name":"bg","rect":[0,0,1000,1680],"offset":[0,0],"originalSize":[1000,1680],"capInsets":[0,0,0,0]}],[1],0,[0],[4],[8]],[[{"name":"shouzhi","rect":[0,0,180,142],"offset":[0,0],"originalSize":[180,142],"capInsets":[0,0,0,0]}],[1],0,[0],[4],[9]],[[[16,"Page_Main"],[17,"Page_Main",[-10,-11,-12,-13,-14,-15],[[25,-9,-8,-7,-6,-5,-4,-3,-2,263]],[26,-1,0],[5,750,1334],[375,667,0,0,0,0,1,1,1,1]],[18,"node_ly",[-17,-18,-19,-20,-21,-22,-23,-24,-25,-26,-27,-28,-29,-30,-31,-32,-33,-34,-35,-36,-37,-38,-39,-40,-41,-42,-43,-44,-45,-46,-47,-48,-49,-50,-51,-52,-53,-54,-55,-56],[[8,-16]],[0,"aeOojCTUlN6IJF7m9yTnG1",1,0],[5,750,1334]],[23,"node_adapter",[[-57,2,[19,"node_game",-58,[0,"3dnwdj79tGcqNfhocakBHJ",1,0]],-59,-60,-61],1,1,4,1,1,1],[0,"34gcgjriNISbPCilgPYMLn",1,0],[5,750,1334]],[10,"node_ui",1,[-63,-64,-65,-66],[[8,-62]],[0,"89zdayOltFU6wD/pAryomi",1,0],[5,750,1335]],[4,"MahjongPrefab",2,[-71],[[6,-67],[7,0.9,3,-70,[[3,"eb153Lx9DJKJJqG1Fam+c7l","btn_click",-69]],-68]],[0,"928r7LaXZHD5VZcK2qIEHp",1,0],[5,78,94],[-79.817,407,0,0,0,0,1,1,1,0]],[4,"MahjongPrefab",2,[-76],[[6,-72],[7,0.9,3,-75,[[3,"eb153Lx9DJKJJqG1Fam+c7l","btn_click",-74]],-73]],[0,"ccQkjTF+hF7bAN5MpeRlSo",1,0],[5,78,94],[-8.817,407,0,0,0,0,1,1,1,0]],[4,"MahjongPrefab",2,[-81],[[6,-77],[7,0.9,3,-80,[[3,"eb153Lx9DJKJJqG1Fam+c7l","btn_click",-79]],-78]],[0,"28QLmxzmJDRpWGFW94nXBi",1,0],[5,78,94],[63.183,407,0,0,0,0,1,1,1,0]],[4,"MahjongPrefab",2,[-86],[[6,-82],[7,0.9,3,-85,[[3,"eb153Lx9DJKJJqG1Fam+c7l","btn_click",-84]],-83]],[0,"d7QqTQF7tJc6AaDQbysmnn",1,0],[5,78,94],[134.183,407,0,0,0,0,1,1,1,0]],[4,"MahjongPrefab",2,[-91],[[6,-87],[7,0.9,3,-90,[[3,"eb153Lx9DJKJJqG1Fam+c7l","btn_click",-89]],-88]],[0,"c5Ch6MBDBF04Pd5ozz82wX",1,0],[5,78,94],[-149.467,319.712,0,0,0,0,1,1,1,0]],[4,"MahjongPrefab",2,[-96],[[6,-92],[7,0.9,3,-95,[[3,"eb153Lx9DJKJJqG1Fam+c7l","btn_click",-94]],-93]],[0,"d6RLJKEcVAPqfAIx8HMYXD",1,0],[5,78,94],[-78.467,319.712,0,0,0,0,1,1,1,0]],[4,"MahjongPrefab",2,[-101],[[6,-97],[7,0.9,3,-100,[[3,"eb153Lx9DJKJJqG1Fam+c7l","btn_click",-99]],-98]],[0,"dfqa7wCfJOVILGd0YeWqBJ",1,0],[5,78,94],[-6.467,319.712,0,0,0,0,1,1,1,0]],[4,"MahjongPrefab",2,[-106],[[6,-102],[7,0.9,3,-105,[[3,"eb153Lx9DJKJJqG1Fam+c7l","btn_click",-104]],-103]],[0,"b8vOiKHWRDu5R5JDFgQp2z",1,0],[5,78,94],[64.533,319.712,0,0,0,0,1,1,1,0]],[4,"MahjongPrefab",2,[-111],[[6,-107],[7,0.9,3,-110,[[3,"eb153Lx9DJKJJqG1Fam+c7l","btn_click",-109]],-108]],[0,"5cgcgRfZBPAJJzW31OLFOc",1,0],[5,78,94],[-79.817,232.788,0,0,0,0,1,1,1,0]],[4,"MahjongPrefab",2,[-116],[[6,-112],[7,0.9,3,-115,[[3,"eb153Lx9DJKJJqG1Fam+c7l","btn_click",-114]],-113]],[0,"c4QLnGO9VMTa15zl/EUT/7",1,0],[5,78,94],[-8.817,232.788,0,0,0,0,1,1,1,0]],[4,"MahjongPrefab",2,[-121],[[6,-117],[7,0.9,3,-120,[[3,"eb153Lx9DJKJJqG1Fam+c7l","btn_click",-119]],-118]],[0,"27GH1nJqNIy5WWJsCNUBFV",1,0],[5,78,94],[63.183,232.788,0,0,0,0,1,1,1,0]],[4,"MahjongPrefab",2,[-126],[[6,-122],[7,0.9,3,-125,[[3,"eb153Lx9DJKJJqG1Fam+c7l","btn_click",-124]],-123]],[0,"145IAReqtNTaB/GCcrJBcb",1,0],[5,78,94],[134.183,232.788,0,0,0,0,1,1,1,0]],[4,"MahjongPrefab",2,[-131],[[6,-127],[7,0.9,3,-130,[[3,"eb153Lx9DJKJJqG1Fam+c7l","btn_click",-129]],-128]],[0,"08A3+mJGNC9Zel8RQUZP2/",1,0],[5,78,94],[-149.467,145.5,0,0,0,0,1,1,1,0]],[4,"MahjongPrefab",2,[-136],[[6,-132],[7,0.9,3,-135,[[3,"eb153Lx9DJKJJqG1Fam+c7l","btn_click",-134]],-133]],[0,"7aHFmx90pCb6DjUPo61lK1",1,0],[5,78,94],[-78.467,145.5,0,0,0,0,1,1,1,0]],[4,"MahjongPrefab",2,[-141],[[6,-137],[7,0.9,3,-140,[[3,"eb153Lx9DJKJJqG1Fam+c7l","btn_click",-139]],-138]],[0,"55wj70Yw1GBrKJbjawI8gd",1,0],[5,78,94],[-6.467,145.5,0,0,0,0,1,1,1,0]],[4,"MahjongPrefab",2,[-146],[[6,-142],[7,0.9,3,-145,[[3,"eb153Lx9DJKJJqG1Fam+c7l","btn_click",-144]],-143]],[0,"c91e9IsGhF1Z9z5r+MmB4D",1,0],[5,78,94],[64.533,145.5,0,0,0,0,1,1,1,0]],[4,"MahjongPrefab",2,[-151],[[6,-147],[7,0.9,3,-150,[[3,"eb153Lx9DJKJJqG1Fam+c7l","btn_click",-149]],-148]],[0,"132KXLJbFPC5DpDvVXMJnQ",1,0],[5,78,94],[-79.817,58.542,0,0,0,0,1,1,1,0]],[4,"MahjongPrefab",2,[-156],[[6,-152],[7,0.9,3,-155,[[3,"eb153Lx9DJKJJqG1Fam+c7l","btn_click",-154]],-153]],[0,"8bp37vAYhF368a9hNLPr6+",1,0],[5,78,94],[-8.817,58.542,0,0,0,0,1,1,1,0]],[4,"MahjongPrefab",2,[-161],[[6,-157],[7,0.9,3,-160,[[3,"eb153Lx9DJKJJqG1Fam+c7l","btn_click",-159]],-158]],[0,"ebaX6VpfZHlIbfyDTvvcIR",1,0],[5,78,94],[63.183,58.542,0,0,0,0,1,1,1,0]],[4,"MahjongPrefab",2,[-166],[[6,-162],[7,0.9,3,-165,[[3,"eb153Lx9DJKJJqG1Fam+c7l","btn_click",-164]],-163]],[0,"8c1OuOEOdOL509BR07N/P6",1,0],[5,78,94],[134.183,58.542,0,0,0,0,1,1,1,0]],[4,"MahjongPrefab",2,[-171],[[6,-167],[7,0.9,3,-170,[[3,"eb153Lx9DJKJJqG1Fam+c7l","btn_click",-169]],-168]],[0,"e6IiZC9+hMzJyW2Eq5MZUj",1,0],[5,78,94],[-149.467,-28.746,0,0,0,0,1,1,1,0]],[4,"MahjongPrefab",2,[-176],[[6,-172],[7,0.9,3,-175,[[3,"eb153Lx9DJKJJqG1Fam+c7l","btn_click",-174]],-173]],[0,"1b/4A8mLVBQ5CASaY1v3vs",1,0],[5,78,94],[-78.467,-28.746,0,0,0,0,1,1,1,0]],[4,"MahjongPrefab",2,[-181],[[6,-177],[7,0.9,3,-180,[[3,"eb153Lx9DJKJJqG1Fam+c7l","btn_click",-179]],-178]],[0,"a0cOz9ebdDrofb3cFXadvE",1,0],[5,78,94],[-6.467,-28.746,0,0,0,0,1,1,1,0]],[4,"MahjongPrefab",2,[-186],[[6,-182],[7,0.9,3,-185,[[3,"eb153Lx9DJKJJqG1Fam+c7l","btn_click",-184]],-183]],[0,"83sLY9dsJBxplf3Ib1XT7v",1,0],[5,78,94],[64.533,-28.746,0,0,0,0,1,1,1,0]],[4,"MahjongPrefab",2,[-191],[[6,-187],[7,0.9,3,-190,[[3,"eb153Lx9DJKJJqG1Fam+c7l","btn_click",-189]],-188]],[0,"7c6x7ubQhOwKP4mqHT/23L",1,0],[5,78,94],[-79.817,-115.752,0,0,0,0,1,1,1,0]],[4,"MahjongPrefab",2,[-196],[[6,-192],[7,0.9,3,-195,[[3,"eb153Lx9DJKJJqG1Fam+c7l","btn_click",-194]],-193]],[0,"4cZ7HYQShFC7clmcsRAKD0",1,0],[5,78,94],[-8.817,-115.752,0,0,0,0,1,1,1,0]],[4,"MahjongPrefab",2,[-201],[[6,-197],[7,0.9,3,-200,[[3,"eb153Lx9DJKJJqG1Fam+c7l","btn_click",-199]],-198]],[0,"01e31+LwJNGqNDLx8XH9tB",1,0],[5,78,94],[63.183,-115.752,0,0,0,0,1,1,1,0]],[4,"MahjongPrefab",2,[-206],[[6,-202],[7,0.9,3,-205,[[3,"eb153Lx9DJKJJqG1Fam+c7l","btn_click",-204]],-203]],[0,"a4zGLhNcRFPpziOz8crmWw",1,0],[5,78,94],[134.183,-115.752,0,0,0,0,1,1,1,0]],[4,"MahjongPrefab",2,[-211],[[6,-207],[7,0.9,3,-210,[[3,"eb153Lx9DJKJJqG1Fam+c7l","btn_click",-209]],-208]],[0,"carIv/jj9BU5h07uDQJgF8",1,0],[5,78,94],[-149.467,-203.04,0,0,0,0,1,1,1,0]],[4,"MahjongPrefab",2,[-216],[[6,-212],[7,0.9,3,-215,[[3,"eb153Lx9DJKJJqG1Fam+c7l","btn_click",-214]],-213]],[0,"2eQsNaAINCyJ6p4iR309+C",1,0],[5,78,94],[-78.467,-203.04,0,0,0,0,1,1,1,0]],[4,"MahjongPrefab",2,[-221],[[6,-217],[7,0.9,3,-220,[[3,"eb153Lx9DJKJJqG1Fam+c7l","btn_click",-219]],-218]],[0,"3dG/uvwSNEEZQoMDXz/4Yi",1,0],[5,78,94],[-6.467,-203.04,0,0,0,0,1,1,1,0]],[4,"MahjongPrefab",2,[-226],[[6,-222],[7,0.9,3,-225,[[3,"eb153Lx9DJKJJqG1Fam+c7l","btn_click",-224]],-223]],[0,"e2KYmDAudDYJHFbHAbcU5E",1,0],[5,78,94],[64.533,-203.04,0,0,0,0,1,1,1,0]],[4,"MahjongPrefab",2,[-231],[[6,-227],[7,0.9,3,-230,[[3,"eb153Lx9DJKJJqG1Fam+c7l","btn_click",-229]],-228]],[0,"da6r51gQhDJrxEzudVWHRF",1,0],[5,78,94],[-79.817,-290.016,0,0,0,0,1,1,1,0]],[4,"MahjongPrefab",2,[-236],[[6,-232],[7,0.9,3,-235,[[3,"eb153Lx9DJKJJqG1Fam+c7l","btn_click",-234]],-233]],[0,"7cvynTf3JOCb5njATioMZA",1,0],[5,78,94],[-8.817,-290.016,0,0,0,0,1,1,1,0]],[4,"MahjongPrefab",2,[-241],[[6,-237],[7,0.9,3,-240,[[3,"eb153Lx9DJKJJqG1Fam+c7l","btn_click",-239]],-238]],[0,"09maa6SLFHUZvTXWT2BYxG",1,0],[5,78,94],[63.183,-290.016,0,0,0,0,1,1,1,0]],[4,"MahjongPrefab",2,[-246],[[6,-242],[7,0.9,3,-245,[[3,"eb153Lx9DJKJJqG1Fam+c7l","btn_click",-244]],-243]],[0,"38bn7neLdG5p8dFL6uasaU",1,0],[5,78,94],[134.183,-290.016,0,0,0,0,1,1,1,0]],[4,"MahjongPrefab",2,[-251],[[6,-247],[7,0.9,3,-250,[[3,"eb153Lx9DJKJJqG1Fam+c7l","btn_click",-249]],-248]],[0,"a1iEk6xCtP1b5aCf0O4xdO",1,0],[5,78,94],[-149.467,-377.304,0,0,0,0,1,1,1,0]],[4,"MahjongPrefab",2,[-256],[[6,-252],[7,0.9,3,-255,[[3,"eb153Lx9DJKJJqG1Fam+c7l","btn_click",-254]],-253]],[0,"1dKrI8PYREQI8TwZs2ilS0",1,0],[5,78,94],[-78.467,-377.304,0,0,0,0,1,1,1,0]],[4,"MahjongPrefab",2,[-261],[[6,-257],[7,0.9,3,-260,[[3,"eb153Lx9DJKJJqG1Fam+c7l","btn_click",-259]],-258]],[0,"43o7KRYQVLIpVlCrOfC8Wy",1,0],[5,78,94],[-6.467,-377.304,0,0,0,0,1,1,1,0]],[4,"MahjongPrefab",2,[-266],[[6,-262],[7,0.9,3,-265,[[3,"eb153Lx9DJKJJqG1Fam+c7l","btn_click",-264]],-263]],[0,"a12ZHZbEpNeLnCFLCE4Yni",1,0],[5,78,94],[64.533,-377.304,0,0,0,0,1,1,1,0]],[9,"btn_play_shu",4,[[1,-267,[249],250],[28,2,4,255.5,632.5,25.700000000000102,70,-268],[13,0.95,3,-269,[[3,"71fc8YEnt5PPoCySW2MYje6","btn_paly_now",1]],251],[15,true,-270,[253],252]],[0,"ddjroh1T9LeJGtx7d8lQlf",1,0],[5,418,124],[0,-579.8,0,0,0,0,1,1,1,0]],[24,"sp_bg",1,[[-271,[30,-272],[8,-273]],1,4,4],[0,"e9Aeglmj9J/7MbQP9M/TZs",1,0],[5,750,1334]],[10,"node_game",1,[3],[[8,-274]],[0,"bdQhWlL4FIfY96kObYBJDw",1,0],[5,750,1334]],[5,"node_icon",5,[-276,-277],[[1,-275,[7],8]],[0,"91gn0qR91N5b5/FqeLk4iD",1,0],[5,78,94],[0,0.5,0],[0,-47,0,0,0,0,1,1,1,1]],[5,"node_icon",6,[-279,-280],[[1,-278,[13],14]],[0,"cb/J8QxwZAkrzxGnx0yfXm",1,0],[5,78,94],[0,0.5,0],[0,-47,0,0,0,0,1,1,1,1]],[5,"node_icon",7,[-282,-283],[[1,-281,[19],20]],[0,"8duLebDu9JE7p9MMMeLDII",1,0],[5,78,94],[0,0.5,0],[0,-47,0,0,0,0,1,1,1,1]],[5,"node_icon",8,[-285,-286],[[1,-284,[25],26]],[0,"8fEYg2/zFOvami0wJLTT8n",1,0],[5,78,94],[0,0.5,0],[0,-47,0,0,0,0,1,1,1,1]],[5,"node_icon",9,[-288,-289],[[1,-287,[31],32]],[0,"cfUnm/KBBMgZewLTMPjEFW",1,0],[5,78,94],[0,0.5,0],[0,-47,0,0,0,0,1,1,1,1]],[5,"node_icon",10,[-291,-292],[[1,-290,[37],38]],[0,"63qESLralEWZ/mhsZiqhKf",1,0],[5,78,94],[0,0.5,0],[0,-47,0,0,0,0,1,1,1,1]],[5,"node_icon",11,[-294,-295],[[1,-293,[43],44]],[0,"34ewD4FidGBaALFA6/sw00",1,0],[5,78,94],[0,0.5,0],[0,-47,0,0,0,0,1,1,1,1]],[5,"node_icon",12,[-297,-298],[[1,-296,[49],50]],[0,"1bFJ2v9ttMmIH6L9kjdMat",1,0],[5,78,94],[0,0.5,0],[0,-47,0,0,0,0,1,1,1,1]],[5,"node_icon",13,[-300,-301],[[1,-299,[55],56]],[0,"99EtUWFF1NjrCK/CRf+vKC",1,0],[5,78,94],[0,0.5,0],[0,-47,0,0,0,0,1,1,1,1]],[5,"node_icon",14,[-303,-304],[[1,-302,[61],62]],[0,"5dtRQ/zJFBiYyr8vtDnV5C",1,0],[5,78,94],[0,0.5,0],[0,-47,0,0,0,0,1,1,1,1]],[5,"node_icon",15,[-306,-307],[[1,-305,[67],68]],[0,"3exiEqu85MyZrfG4rsqprD",1,0],[5,78,94],[0,0.5,0],[0,-47,0,0,0,0,1,1,1,1]],[5,"node_icon",16,[-309,-310],[[1,-308,[73],74]],[0,"45pNd1SMpAR5sfvFTojsGg",1,0],[5,78,94],[0,0.5,0],[0,-47,0,0,0,0,1,1,1,1]],[5,"node_icon",17,[-312,-313],[[1,-311,[79],80]],[0,"07NaCc5FtK4YKTvhAWc83H",1,0],[5,78,94],[0,0.5,0],[0,-47,0,0,0,0,1,1,1,1]],[5,"node_icon",18,[-315,-316],[[1,-314,[85],86]],[0,"10nI15ql5OVYT2dH7xBh+s",1,0],[5,78,94],[0,0.5,0],[0,-47,0,0,0,0,1,1,1,1]],[5,"node_icon",19,[-318,-319],[[1,-317,[91],92]],[0,"430qYSlX1Myp6l+zvp/2u4",1,0],[5,78,94],[0,0.5,0],[0,-47,0,0,0,0,1,1,1,1]],[5,"node_icon",20,[-321,-322],[[1,-320,[97],98]],[0,"a3niQKOg1DiKXDNA6UC7LB",1,0],[5,78,94],[0,0.5,0],[0,-47,0,0,0,0,1,1,1,1]],[5,"node_icon",21,[-324,-325],[[1,-323,[103],104]],[0,"aaAyMi0A5CobmmoP9azp47",1,0],[5,78,94],[0,0.5,0],[0,-47,0,0,0,0,1,1,1,1]],[5,"node_icon",22,[-327,-328],[[1,-326,[109],110]],[0,"8a/jLN7NtBgIqTpJtAKogb",1,0],[5,78,94],[0,0.5,0],[0,-47,0,0,0,0,1,1,1,1]],[5,"node_icon",23,[-330,-331],[[1,-329,[115],116]],[0,"0ehBiCLTdOIrzV5etRsKFJ",1,0],[5,78,94],[0,0.5,0],[0,-47,0,0,0,0,1,1,1,1]],[5,"node_icon",24,[-333,-334],[[1,-332,[121],122]],[0,"cc5k7Ab9VIk6/ONq7DaYLO",1,0],[5,78,94],[0,0.5,0],[0,-47,0,0,0,0,1,1,1,1]],[5,"node_icon",25,[-336,-337],[[1,-335,[127],128]],[0,"a1dOiCIMhJ6LjJj+HGWCw7",1,0],[5,78,94],[0,0.5,0],[0,-47,0,0,0,0,1,1,1,1]],[5,"node_icon",26,[-339,-340],[[1,-338,[133],134]],[0,"52yckK2aRNdbLkM01elJQC",1,0],[5,78,94],[0,0.5,0],[0,-47,0,0,0,0,1,1,1,1]],[5,"node_icon",27,[-342,-343],[[1,-341,[139],140]],[0,"6fQm6Qb+1F6p/eUfxp6VoC",1,0],[5,78,94],[0,0.5,0],[0,-47,0,0,0,0,1,1,1,1]],[5,"node_icon",28,[-345,-346],[[1,-344,[145],146]],[0,"a7xR0bj2NG34YmBHPR/+jG",1,0],[5,78,94],[0,0.5,0],[0,-47,0,0,0,0,1,1,1,1]],[5,"node_icon",29,[-348,-349],[[1,-347,[151],152]],[0,"4b41TSQGVIvaoYeTO1EomJ",1,0],[5,78,94],[0,0.5,0],[0,-47,0,0,0,0,1,1,1,1]],[5,"node_icon",30,[-351,-352],[[1,-350,[157],158]],[0,"f0cEMcPU5O2LcHAtCD0KH/",1,0],[5,78,94],[0,0.5,0],[0,-47,0,0,0,0,1,1,1,1]],[5,"node_icon",31,[-354,-355],[[1,-353,[163],164]],[0,"426ZO9HmFC26mFFcQFIp26",1,0],[5,78,94],[0,0.5,0],[0,-47,0,0,0,0,1,1,1,1]],[5,"node_icon",32,[-357,-358],[[1,-356,[169],170]],[0,"5cosfKaPhKmasbuyezWkFs",1,0],[5,78,94],[0,0.5,0],[0,-47,0,0,0,0,1,1,1,1]],[5,"node_icon",33,[-360,-361],[[1,-359,[175],176]],[0,"3eC9HL6/hA+oDA4TMcikG6",1,0],[5,78,94],[0,0.5,0],[0,-47,0,0,0,0,1,1,1,1]],[5,"node_icon",34,[-363,-364],[[1,-362,[181],182]],[0,"33C73jdsdJ2YYe6CtPT4vT",1,0],[5,78,94],[0,0.5,0],[0,-47,0,0,0,0,1,1,1,1]],[5,"node_icon",35,[-366,-367],[[1,-365,[187],188]],[0,"c2ZR2FElBBD4IlZAb1JHl4",1,0],[5,78,94],[0,0.5,0],[0,-47,0,0,0,0,1,1,1,1]],[5,"node_icon",36,[-369,-370],[[1,-368,[193],194]],[0,"0cKTSIi21EjpVGT38oCoom",1,0],[5,78,94],[0,0.5,0],[0,-47,0,0,0,0,1,1,1,1]],[5,"node_icon",37,[-372,-373],[[1,-371,[199],200]],[0,"e8/iHR22dNbqz+8WHc1IXK",1,0],[5,78,94],[0,0.5,0],[0,-47,0,0,0,0,1,1,1,1]],[5,"node_icon",38,[-375,-376],[[1,-374,[205],206]],[0,"73FITliwpHt5sa/sxch6pO",1,0],[5,78,94],[0,0.5,0],[0,-47,0,0,0,0,1,1,1,1]],[5,"node_icon",39,[-378,-379],[[1,-377,[211],212]],[0,"49h5rnQIlM9ayjT+a3CozN",1,0],[5,78,94],[0,0.5,0],[0,-47,0,0,0,0,1,1,1,1]],[5,"node_icon",40,[-381,-382],[[1,-380,[217],218]],[0,"7a05xRspxKILIKVyT17vh2",1,0],[5,78,94],[0,0.5,0],[0,-47,0,0,0,0,1,1,1,1]],[5,"node_icon",41,[-384,-385],[[1,-383,[223],224]],[0,"ef9kFoD3FD24y+DNAh2x9P",1,0],[5,78,94],[0,0.5,0],[0,-47,0,0,0,0,1,1,1,1]],[5,"node_icon",42,[-387,-388],[[1,-386,[229],230]],[0,"90tB8YyFxL556RC85l68cE",1,0],[5,78,94],[0,0.5,0],[0,-47,0,0,0,0,1,1,1,1]],[5,"node_icon",43,[-390,-391],[[1,-389,[235],236]],[0,"5eIRNi5nhJjalES2Qq26bz",1,0],[5,78,94],[0,0.5,0],[0,-47,0,0,0,0,1,1,1,1]],[5,"node_icon",44,[-393,-394],[[1,-392,[241],242]],[0,"f4y8LFcOdD9qE1eP+PfegL",1,0],[5,78,94],[0,0.5,0],[0,-47,0,0,0,0,1,1,1,1]],[9,"btn_play_heng",4,[[1,-395,[256],257],[13,0.95,3,-396,[[3,"71fc8YEnt5PPoCySW2MYje6","btn_paly_now",1]],258],[15,true,-397,[260],259]],[0,"a3a0jiwoFPZppPmLbLgvXS",1,0],[5,418,124],[884.078,-66.38,0,0,0,0,1,1,1,0]],[20,"node_eff_mask",false,128,3,[[14,0,-398,[243],244],[8,-399]],[0,"76YtMF6jpKqrgpTYscjqFY",1,0],[4,4278190080],[5,750,1334]],[21,"node_warning",false,3,[[1,-400,[247],248],[8,-401]],[0,"4etrrf2WxG2Lm9eu/paPvI",1,0],[5,750,1334]],[9,"node_lv_shu",4,[[1,-402,[254],255],[29,2,1,76.83900000000006,-403]],[0,"78I/uT+zRHkZTWuVh1/WjJ",1,0],[5,235,54],[0,563.661,0,0,0,0,1,1,1,1]],[27,0,46,[0]],[11,"majiang",3,[[1,-404,[1],2]],[0,"8dflVIj2xKO7iUP/hZkZzW",1,0],[5,620,901]],[2,"node_red",false,48,[[1,-405,[3],4]],[0,"12woDz9GNOsZlC5WptIh4J",1,0],[5,78,95],[0,0.5,0]],[2,"node_green",false,48,[[1,-406,[5],6]],[0,"39036dJ/xGz4rvIUwpXm4O",1,0],[5,78,95],[0,0.5,0]],[2,"node_red",false,49,[[1,-407,[9],10]],[0,"0bbbbKSiBNiotSF28pmRZL",1,0],[5,78,95],[0,0.5,0]],[2,"node_green",false,49,[[1,-408,[11],12]],[0,"ccOhtw+wRMN6TVopFsw6+q",1,0],[5,78,95],[0,0.5,0]],[2,"node_red",false,50,[[1,-409,[15],16]],[0,"dfRoLNlmRJKLRcJHEjfibJ",1,0],[5,78,95],[0,0.5,0]],[2,"node_green",false,50,[[1,-410,[17],18]],[0,"91uqcpmuxAnpHviKrJBs5Q",1,0],[5,78,95],[0,0.5,0]],[2,"node_red",false,51,[[1,-411,[21],22]],[0,"53slqbhixGo44ohktFxgUL",1,0],[5,78,95],[0,0.5,0]],[2,"node_green",false,51,[[1,-412,[23],24]],[0,"f7Z1iY36tLiZuhbYA6yJbg",1,0],[5,78,95],[0,0.5,0]],[2,"node_red",false,52,[[1,-413,[27],28]],[0,"a47YdES5hNTLByCiZf5n3f",1,0],[5,78,95],[0,0.5,0]],[2,"node_green",false,52,[[1,-414,[29],30]],[0,"20/G9uBUdLDKvtyrbsfunM",1,0],[5,78,95],[0,0.5,0]],[2,"node_red",false,53,[[1,-415,[33],34]],[0,"cd6VcdeQ1OIor5U6Ccu6QX",1,0],[5,78,95],[0,0.5,0]],[2,"node_green",false,53,[[1,-416,[35],36]],[0,"absRg6gpVByIqzaAwvUh75",1,0],[5,78,95],[0,0.5,0]],[2,"node_red",false,54,[[1,-417,[39],40]],[0,"1d9KpQ8R1E9aTqGIXCnTE2",1,0],[5,78,95],[0,0.5,0]],[2,"node_green",false,54,[[1,-418,[41],42]],[0,"e8VoUQihxAFYAXzLSvDaM/",1,0],[5,78,95],[0,0.5,0]],[2,"node_red",false,55,[[1,-419,[45],46]],[0,"e7RCXrqwNNcJMa5YxRbmw3",1,0],[5,78,95],[0,0.5,0]],[2,"node_green",false,55,[[1,-420,[47],48]],[0,"f1eYBAY4dBCJzCL945T5EG",1,0],[5,78,95],[0,0.5,0]],[2,"node_red",false,56,[[1,-421,[51],52]],[0,"b7XkLzWopFYJf4W+i8mGvj",1,0],[5,78,95],[0,0.5,0]],[2,"node_green",false,56,[[1,-422,[53],54]],[0,"0aFgBBdsxKf6FHvgEwd1qa",1,0],[5,78,95],[0,0.5,0]],[2,"node_red",false,57,[[1,-423,[57],58]],[0,"59xdf2BhpOXZ1KrLB+xnyA",1,0],[5,78,95],[0,0.5,0]],[2,"node_green",false,57,[[1,-424,[59],60]],[0,"338NDwq0dFIb70C8S0IoIz",1,0],[5,78,95],[0,0.5,0]],[2,"node_red",false,58,[[1,-425,[63],64]],[0,"01KXvo7NZMB6NaostdF4oc",1,0],[5,78,95],[0,0.5,0]],[2,"node_green",false,58,[[1,-426,[65],66]],[0,"75YZAKsrdLu64PL4l/Jj6G",1,0],[5,78,95],[0,0.5,0]],[2,"node_red",false,59,[[1,-427,[69],70]],[0,"81q5htJQlID4oKmZd05qow",1,0],[5,78,95],[0,0.5,0]],[2,"node_green",false,59,[[1,-428,[71],72]],[0,"aeTwZX1jVAbZwPlCdzBmbc",1,0],[5,78,95],[0,0.5,0]],[2,"node_red",false,60,[[1,-429,[75],76]],[0,"abc3xreA9JGaOXuqsO6CbO",1,0],[5,78,95],[0,0.5,0]],[2,"node_green",false,60,[[1,-430,[77],78]],[0,"53998XRrdKAKmGRwNEJAtI",1,0],[5,78,95],[0,0.5,0]],[2,"node_red",false,61,[[1,-431,[81],82]],[0,"ffgZCcJ8BJcKBHX7JQQG8D",1,0],[5,78,95],[0,0.5,0]],[2,"node_green",false,61,[[1,-432,[83],84]],[0,"c2YdYS0T5Fb6O0ERoCqf48",1,0],[5,78,95],[0,0.5,0]],[2,"node_red",false,62,[[1,-433,[87],88]],[0,"9a6yzl/ORIv7ZoNhH+B52E",1,0],[5,78,95],[0,0.5,0]],[2,"node_green",false,62,[[1,-434,[89],90]],[0,"47stxw/WhGFZ3UPludJbrK",1,0],[5,78,95],[0,0.5,0]],[2,"node_red",false,63,[[1,-435,[93],94]],[0,"5068+fS/RNDJNULBr/z0t6",1,0],[5,78,95],[0,0.5,0]],[2,"node_green",false,63,[[1,-436,[95],96]],[0,"7dRmND7rRLmqt9pSSX9jWn",1,0],[5,78,95],[0,0.5,0]],[2,"node_red",false,64,[[1,-437,[99],100]],[0,"57jqSW7stK9pySNN9367iT",1,0],[5,78,95],[0,0.5,0]],[2,"node_green",false,64,[[1,-438,[101],102]],[0,"72Uxd69o5CvKP0weF/6hH3",1,0],[5,78,95],[0,0.5,0]],[2,"node_red",false,65,[[1,-439,[105],106]],[0,"aah5ZkMfhPsYvtLwXcK+Td",1,0],[5,78,95],[0,0.5,0]],[2,"node_green",false,65,[[1,-440,[107],108]],[0,"71RW6FlodJBrubqp/y80FU",1,0],[5,78,95],[0,0.5,0]],[2,"node_red",false,66,[[1,-441,[111],112]],[0,"d535koQVFBmZ4oDDRpPcDx",1,0],[5,78,95],[0,0.5,0]],[2,"node_green",false,66,[[1,-442,[113],114]],[0,"72LqOZCjpIa5qYE69zdCA/",1,0],[5,78,95],[0,0.5,0]],[2,"node_red",false,67,[[1,-443,[117],118]],[0,"f4V4zaJpVH6KhSftqaa+lL",1,0],[5,78,95],[0,0.5,0]],[2,"node_green",false,67,[[1,-444,[119],120]],[0,"ebK3X1ATVLgpXISUQj7lji",1,0],[5,78,95],[0,0.5,0]],[2,"node_red",false,68,[[1,-445,[123],124]],[0,"b4k03WNgJLxJ5OVCTv7MRd",1,0],[5,78,95],[0,0.5,0]],[2,"node_green",false,68,[[1,-446,[125],126]],[0,"fegdMwyR1DV4arAfKCgCiV",1,0],[5,78,95],[0,0.5,0]],[2,"node_red",false,69,[[1,-447,[129],130]],[0,"aeFxZVxZdFFqyJIs8pecXH",1,0],[5,78,95],[0,0.5,0]],[2,"node_green",false,69,[[1,-448,[131],132]],[0,"cctHioc0RORqbhujjNwx9v",1,0],[5,78,95],[0,0.5,0]],[2,"node_red",false,70,[[1,-449,[135],136]],[0,"5b6UmcBtdAupCZ0AJ3b9Dm",1,0],[5,78,95],[0,0.5,0]],[2,"node_green",false,70,[[1,-450,[137],138]],[0,"94VVhQlnJLR6r5Hl9Ac1EX",1,0],[5,78,95],[0,0.5,0]],[2,"node_red",false,71,[[1,-451,[141],142]],[0,"c2/Q5E+rFE/bMWSmOwXtob",1,0],[5,78,95],[0,0.5,0]],[2,"node_green",false,71,[[1,-452,[143],144]],[0,"6bbh1QERRKqIQOowBU1aLg",1,0],[5,78,95],[0,0.5,0]],[2,"node_red",false,72,[[1,-453,[147],148]],[0,"dd4pQSd9FIBIPApc6lTb6Z",1,0],[5,78,95],[0,0.5,0]],[2,"node_green",false,72,[[1,-454,[149],150]],[0,"fbthZN3/BNNKtbrcgwlX7q",1,0],[5,78,95],[0,0.5,0]],[2,"node_red",false,73,[[1,-455,[153],154]],[0,"0bCGDi6n5JT6iwOUgFl8Ri",1,0],[5,78,95],[0,0.5,0]],[2,"node_green",false,73,[[1,-456,[155],156]],[0,"eaI3lYFIVP3pPF2gPqtv42",1,0],[5,78,95],[0,0.5,0]],[2,"node_red",false,74,[[1,-457,[159],160]],[0,"e7o3euMaBO7Lc1mCpwU9m+",1,0],[5,78,95],[0,0.5,0]],[2,"node_green",false,74,[[1,-458,[161],162]],[0,"714B/bpw1Lrp6BPwE84Brf",1,0],[5,78,95],[0,0.5,0]],[2,"node_red",false,75,[[1,-459,[165],166]],[0,"15UAu5lPxEUb/msdAw7MWa",1,0],[5,78,95],[0,0.5,0]],[2,"node_green",false,75,[[1,-460,[167],168]],[0,"96eHlH7EFNxYGf04C7sPN2",1,0],[5,78,95],[0,0.5,0]],[2,"node_red",false,76,[[1,-461,[171],172]],[0,"70UlRJuARPwbp3Xn29q/Op",1,0],[5,78,95],[0,0.5,0]],[2,"node_green",false,76,[[1,-462,[173],174]],[0,"1fQm2OgmpOt7L9fyZEIU8H",1,0],[5,78,95],[0,0.5,0]],[2,"node_red",false,77,[[1,-463,[177],178]],[0,"8b8DxqKrBEp6I7O60Wxtfg",1,0],[5,78,95],[0,0.5,0]],[2,"node_green",false,77,[[1,-464,[179],180]],[0,"2863bKD/5K2ZqY9DX8Ceen",1,0],[5,78,95],[0,0.5,0]],[2,"node_red",false,78,[[1,-465,[183],184]],[0,"f6bJ1mDdBChYO7WZYcGDWI",1,0],[5,78,95],[0,0.5,0]],[2,"node_green",false,78,[[1,-466,[185],186]],[0,"f4UFzDHsZAf6RAAOxZp19/",1,0],[5,78,95],[0,0.5,0]],[2,"node_red",false,79,[[1,-467,[189],190]],[0,"e8nvuhOq9EA68vRJi6w0sA",1,0],[5,78,95],[0,0.5,0]],[2,"node_green",false,79,[[1,-468,[191],192]],[0,"ceGqFsEXhFHaqDF2hEjqdI",1,0],[5,78,95],[0,0.5,0]],[2,"node_red",false,80,[[1,-469,[195],196]],[0,"ffl4iyC7lMN6lCa725kJ/W",1,0],[5,78,95],[0,0.5,0]],[2,"node_green",false,80,[[1,-470,[197],198]],[0,"66r7LcSfZCMoTOI8xldU6j",1,0],[5,78,95],[0,0.5,0]],[2,"node_red",false,81,[[1,-471,[201],202]],[0,"12NFmkHHtBarQjt2Ho8fdC",1,0],[5,78,95],[0,0.5,0]],[2,"node_green",false,81,[[1,-472,[203],204]],[0,"50xrChkxVEHZWxyjsy2BgT",1,0],[5,78,95],[0,0.5,0]],[2,"node_red",false,82,[[1,-473,[207],208]],[0,"a7Bw8MCzBDfKXzmU3YeBoN",1,0],[5,78,95],[0,0.5,0]],[2,"node_green",false,82,[[1,-474,[209],210]],[0,"f7fXp5xkZDoLIakYLH0lSk",1,0],[5,78,95],[0,0.5,0]],[2,"node_red",false,83,[[1,-475,[213],214]],[0,"dc/ZGvNqVAhYOPOXdh50dk",1,0],[5,78,95],[0,0.5,0]],[2,"node_green",false,83,[[1,-476,[215],216]],[0,"ca4ilw77dFX4xezsJzp+9H",1,0],[5,78,95],[0,0.5,0]],[2,"node_red",false,84,[[1,-477,[219],220]],[0,"555bfKI8pIKp47cAwAMwip",1,0],[5,78,95],[0,0.5,0]],[2,"node_green",false,84,[[1,-478,[221],222]],[0,"76UR2/0HBHH6sg17F6YGXH",1,0],[5,78,95],[0,0.5,0]],[2,"node_red",false,85,[[1,-479,[225],226]],[0,"e1HvMykDxFfbdmO5nFE9vh",1,0],[5,78,95],[0,0.5,0]],[2,"node_green",false,85,[[1,-480,[227],228]],[0,"c8pDD2xiJMKqzs436G15qw",1,0],[5,78,95],[0,0.5,0]],[2,"node_red",false,86,[[1,-481,[231],232]],[0,"30O442W2JIK5/qkUhNRVHY",1,0],[5,78,95],[0,0.5,0]],[2,"node_green",false,86,[[1,-482,[233],234]],[0,"84OAfRu3JLs49p+a2QKVSJ",1,0],[5,78,95],[0,0.5,0]],[2,"node_red",false,87,[[1,-483,[237],238]],[0,"1aqPo3eK1DU7NcCAh3fWzA",1,0],[5,78,95],[0,0.5,0]],[2,"node_green",false,87,[[1,-484,[239],240]],[0,"4c9288GCtNEb/PXUu89D42",1,0],[5,78,95],[0,0.5,0]],[22,"node_finger",false,3,[[14,0,-485,[245],246]],[0,"b6iyFuHPBO0IjkJwYFyUcM",1,0],[5,132,105],[0,0,1],[3.899,-9.989,0,0,0,0,1,1,1,1]],[12,"node_finish",1,[0,"57ZuiUPStBBKKKyCFt+WJS",1,0],[5,750,1334]],[12,"node_fail",1,[0,"02bC0zxDBGx7pvN1qRdfX8",1,0],[5,750,1334]],[11,"node_top",1,[[8,-486]],[0,"49cMA2whhF3bYNgMn/O3cz",1,0],[5,750,1334]],[9,"node_lv_heng",4,[[1,-487,[261],262]],[0,"54yIB3iFhF6qViLIi99A/U",1,0],[5,235,54],[884.078,106.715,0,0,0,0,1,1,1,1]]],0,[0,8,1,0,9,2,0,10,4,0,11,176,0,12,175,0,13,3,0,14,47,0,15,92,0,0,1,0,-1,46,0,-2,47,0,-3,175,0,-4,176,0,-5,177,0,-6,4,0,0,2,0,-1,5,0,-2,6,0,-3,7,0,-4,8,0,-5,9,0,-6,10,0,-7,11,0,-8,12,0,-9,13,0,-10,14,0,-11,15,0,-12,16,0,-13,17,0,-14,18,0,-15,19,0,-16,20,0,-17,21,0,-18,22,0,-19,23,0,-20,24,0,-21,25,0,-22,26,0,-23,27,0,-24,28,0,-25,29,0,-26,30,0,-27,31,0,-28,32,0,-29,33,0,-30,34,0,-31,35,0,-32,36,0,-33,37,0,-34,38,0,-35,39,0,-36,40,0,-37,41,0,-38,42,0,-39,43,0,-40,44,0,-1,93,0,5,3,0,-4,89,0,-5,174,0,-6,90,0,0,4,0,-1,45,0,-2,91,0,-3,88,0,-4,178,0,0,5,0,2,5,0,3,5,0,0,5,0,-1,48,0,0,6,0,2,6,0,3,6,0,0,6,0,-1,49,0,0,7,0,2,7,0,3,7,0,0,7,0,-1,50,0,0,8,0,2,8,0,3,8,0,0,8,0,-1,51,0,0,9,0,2,9,0,3,9,0,0,9,0,-1,52,0,0,10,0,2,10,0,3,10,0,0,10,0,-1,53,0,0,11,0,2,11,0,3,11,0,0,11,0,-1,54,0,0,12,0,2,12,0,3,12,0,0,12,0,-1,55,0,0,13,0,2,13,0,3,13,0,0,13,0,-1,56,0,0,14,0,2,14,0,3,14,0,0,14,0,-1,57,0,0,15,0,2,15,0,3,15,0,0,15,0,-1,58,0,0,16,0,2,16,0,3,16,0,0,16,0,-1,59,0,0,17,0,2,17,0,3,17,0,0,17,0,-1,60,0,0,18,0,2,18,0,3,18,0,0,18,0,-1,61,0,0,19,0,2,19,0,3,19,0,0,19,0,-1,62,0,0,20,0,2,20,0,3,20,0,0,20,0,-1,63,0,0,21,0,2,21,0,3,21,0,0,21,0,-1,64,0,0,22,0,2,22,0,3,22,0,0,22,0,-1,65,0,0,23,0,2,23,0,3,23,0,0,23,0,-1,66,0,0,24,0,2,24,0,3,24,0,0,24,0,-1,67,0,0,25,0,2,25,0,3,25,0,0,25,0,-1,68,0,0,26,0,2,26,0,3,26,0,0,26,0,-1,69,0,0,27,0,2,27,0,3,27,0,0,27,0,-1,70,0,0,28,0,2,28,0,3,28,0,0,28,0,-1,71,0,0,29,0,2,29,0,3,29,0,0,29,0,-1,72,0,0,30,0,2,30,0,3,30,0,0,30,0,-1,73,0,0,31,0,2,31,0,3,31,0,0,31,0,-1,74,0,0,32,0,2,32,0,3,32,0,0,32,0,-1,75,0,0,33,0,2,33,0,3,33,0,0,33,0,-1,76,0,0,34,0,2,34,0,3,34,0,0,34,0,-1,77,0,0,35,0,2,35,0,3,35,0,0,35,0,-1,78,0,0,36,0,2,36,0,3,36,0,0,36,0,-1,79,0,0,37,0,2,37,0,3,37,0,0,37,0,-1,80,0,0,38,0,2,38,0,3,38,0,0,38,0,-1,81,0,0,39,0,2,39,0,3,39,0,0,39,0,-1,82,0,0,40,0,2,40,0,3,40,0,0,40,0,-1,83,0,0,41,0,2,41,0,3,41,0,0,41,0,-1,84,0,0,42,0,2,42,0,3,42,0,0,42,0,-1,85,0,0,43,0,2,43,0,3,43,0,0,43,0,-1,86,0,0,44,0,2,44,0,3,44,0,0,44,0,-1,87,0,0,45,0,0,45,0,0,45,0,0,45,0,-1,92,0,0,46,0,0,46,0,0,47,0,0,48,0,-1,94,0,-2,95,0,0,49,0,-1,96,0,-2,97,0,0,50,0,-1,98,0,-2,99,0,0,51,0,-1,100,0,-2,101,0,0,52,0,-1,102,0,-2,103,0,0,53,0,-1,104,0,-2,105,0,0,54,0,-1,106,0,-2,107,0,0,55,0,-1,108,0,-2,109,0,0,56,0,-1,110,0,-2,111,0,0,57,0,-1,112,0,-2,113,0,0,58,0,-1,114,0,-2,115,0,0,59,0,-1,116,0,-2,117,0,0,60,0,-1,118,0,-2,119,0,0,61,0,-1,120,0,-2,121,0,0,62,0,-1,122,0,-2,123,0,0,63,0,-1,124,0,-2,125,0,0,64,0,-1,126,0,-2,127,0,0,65,0,-1,128,0,-2,129,0,0,66,0,-1,130,0,-2,131,0,0,67,0,-1,132,0,-2,133,0,0,68,0,-1,134,0,-2,135,0,0,69,0,-1,136,0,-2,137,0,0,70,0,-1,138,0,-2,139,0,0,71,0,-1,140,0,-2,141,0,0,72,0,-1,142,0,-2,143,0,0,73,0,-1,144,0,-2,145,0,0,74,0,-1,146,0,-2,147,0,0,75,0,-1,148,0,-2,149,0,0,76,0,-1,150,0,-2,151,0,0,77,0,-1,152,0,-2,153,0,0,78,0,-1,154,0,-2,155,0,0,79,0,-1,156,0,-2,157,0,0,80,0,-1,158,0,-2,159,0,0,81,0,-1,160,0,-2,161,0,0,82,0,-1,162,0,-2,163,0,0,83,0,-1,164,0,-2,165,0,0,84,0,-1,166,0,-2,167,0,0,85,0,-1,168,0,-2,169,0,0,86,0,-1,170,0,-2,171,0,0,87,0,-1,172,0,-2,173,0,0,88,0,0,88,0,0,88,0,0,89,0,0,89,0,0,90,0,0,90,0,0,91,0,0,91,0,0,93,0,0,94,0,0,95,0,0,96,0,0,97,0,0,98,0,0,99,0,0,100,0,0,101,0,0,102,0,0,103,0,0,104,0,0,105,0,0,106,0,0,107,0,0,108,0,0,109,0,0,110,0,0,111,0,0,112,0,0,113,0,0,114,0,0,115,0,0,116,0,0,117,0,0,118,0,0,119,0,0,120,0,0,121,0,0,122,0,0,123,0,0,124,0,0,125,0,0,126,0,0,127,0,0,128,0,0,129,0,0,130,0,0,131,0,0,132,0,0,133,0,0,134,0,0,135,0,0,136,0,0,137,0,0,138,0,0,139,0,0,140,0,0,141,0,0,142,0,0,143,0,0,144,0,0,145,0,0,146,0,0,147,0,0,148,0,0,149,0,0,150,0,0,151,0,0,152,0,0,153,0,0,154,0,0,155,0,0,156,0,0,157,0,0,158,0,0,159,0,0,160,0,0,161,0,0,162,0,0,163,0,0,164,0,0,165,0,0,166,0,0,167,0,0,168,0,0,169,0,0,170,0,0,171,0,0,172,0,0,173,0,0,174,0,0,177,0,0,178,0,16,1,2,5,3,3,5,47,487],[0,0,0,0,0,0,0,0,0,0,0,0,0,0,0,0,0,0,0,0,0,0,0,0,0,0,0,0,0,0,0,0,0,0,0,0,0,0,0,0,0,0,0,0,0,0,0,0,0,0,0,0,0,0,0,0,0,0,0,0,0,0,0,0,0,0,0,0,0,0,0,0,0,0,0,0,0,0,0,0,0,0,0,0,0,0,0,0,0,0,0,0,0,0,0,0,0,0,0,0,0,0,0,0,0,0,0,0,0,0,0,0,0,0,0,0,0,0,0,0,0,0,0,0,0,0,0,0,0,0,0,0,0,0,0,0,0,0,0,0,0,0,0,0,0,0,0,0,0,0,0,0,0,0,0,0,0,0,0,0,0,0,0,0,0,0,0,0,0,0,0,0,0,0,0,0,0,0,0,0,0,0,0,0,0,0,0,0,0,0,0,0,0,0,0,0,0,0,0,0,0,0,0,0,0,0,0,0,0,0,0,0,0,0,0,0,0,0,0,0,0,0,0,0,0,0,0,0,0,0,0,0,0,0,0,0,0,0,0,0,0,0,0,0,0,0,0,0,0,0,0,0,0,0,0,0,0,0,0,0,0,0,0,0,92],[-1,-1,1,-1,1,-1,1,-1,1,-1,1,-1,1,-1,1,-1,1,-1,1,-1,1,-1,1,-1,1,-1,1,-1,1,-1,1,-1,1,-1,1,-1,1,-1,1,-1,1,-1,1,-1,1,-1,1,-1,1,-1,1,-1,1,-1,1,-1,1,-1,1,-1,1,-1,1,-1,1,-1,1,-1,1,-1,1,-1,1,-1,1,-1,1,-1,1,-1,1,-1,1,-1,1,-1,1,-1,1,-1,1,-1,1,-1,1,-1,1,-1,1,-1,1,-1,1,-1,1,-1,1,-1,1,-1,1,-1,1,-1,1,-1,1,-1,1,-1,1,-1,1,-1,1,-1,1,-1,1,-1,1,-1,1,-1,1,-1,1,-1,1,-1,1,-1,1,-1,1,-1,1,-1,1,-1,1,-1,1,-1,1,-1,1,-1,1,-1,1,-1,1,-1,1,-1,1,-1,1,-1,1,-1,1,-1,1,-1,1,-1,1,-1,1,-1,1,-1,1,-1,1,-1,1,-1,1,-1,1,-1,1,-1,1,-1,1,-1,1,-1,1,-1,1,-1,1,-1,1,-1,1,-1,1,-1,1,-1,1,-1,1,-1,1,-1,1,-1,1,-1,1,-1,1,-1,1,-1,1,-1,1,-1,1,-1,1,-1,1,-1,1,-1,1,-1,1,-1,1,-1,1,6,7,-1,-1,1,-1,1,6,7,-1,-1,1,17,1],[0,0,10,0,1,0,2,0,3,0,1,0,2,0,3,0,1,0,2,0,3,0,1,0,2,0,3,0,1,0,2,0,3,0,1,0,2,0,3,0,1,0,2,0,3,0,1,0,2,0,3,0,1,0,2,0,3,0,1,0,2,0,3,0,1,0,2,0,3,0,1,0,2,0,3,0,1,0,2,0,3,0,1,0,2,0,3,0,1,0,2,0,3,0,1,0,2,0,3,0,1,0,2,0,3,0,1,0,2,0,3,0,1,0,2,0,3,0,1,0,2,0,3,0,1,0,2,0,3,0,1,0,2,0,3,0,1,0,2,0,3,0,1,0,2,0,3,0,1,0,2,0,3,0,1,0,2,0,3,0,1,0,2,0,3,0,1,0,2,0,3,0,1,0,2,0,3,0,1,0,2,0,3,0,1,0,2,0,3,0,1,0,2,0,3,0,1,0,2,0,3,0,1,0,2,0,3,0,1,0,2,0,3,0,1,0,2,0,3,0,1,0,2,0,3,0,1,0,2,0,3,0,1,0,2,0,3,0,1,0,2,0,3,0,11,0,12,0,13,0,5,0,4,4,0,6,0,5,0,4,4,0,6,14,15]],[[{"name":"LEVEL 3","rect":[0,0,235,54],"offset":[0,0],"originalSize":[235,54],"capInsets":[0,0,0,0]}],[1],0,[0],[4],[16]],[[{"name":"default_sprite_splash","rect":[0,0,2,2],"offset":[0,0],"originalSize":[2,2],"capInsets":[0,0,0,0]}],[1],0,[0],[4],[17]],[[{"name":"wrong","rect":[0,0,750,1334],"offset":[0,0],"originalSize":[750,1334],"capInsets":[0,0,0,0]}],[1],0,[0],[4],[18]],[[[31,"ani_breath",1.5,2,[{},"props",11,[{},"scale",12,[[[{"frame":0},"value",8,[0,1,1]],[{"frame":0.75},"value",8,[0,0.95,0.95]],[{"frame":1.5},"value",8,[0,1,1]]],11,11,11]]]]],0,0,[],[],[]],[[{"name":"Play Free","rect":[0,0,418,124],"offset":[0,0],"originalSize":[418,124],"capInsets":[0,0,0,0]}],[1],0,[0],[4],[19]]]]