[1,["ecpdLyjvZBwrvm+cedCcQy","66Nm6qSmdBK49HmM21top/","3aLvNm5FhNuKm7MwjYUXjE","efAHb/Ee9OW4icg6Rr8ZoH","84V7Ms7P1B1oysryZUY2yt","19r7Qk/rhOj72L/NDoFDuY","cdrpFPm/pJvp/atXG3OrJg"],["node","_textureSetter","_spriteFrame","root","_N$target","target","data"],["cc.SpriteFrame",["cc.Node",["_name","_active","_components","_prefab","_contentSize","_children","_parent","_anchorPoint","_trs"],1,9,4,5,2,1,5,7],["cc.Prefab",["_name"],2],["eb153Lx9DJKJJqG1Fam+c7l",["node"],3,1],["cc.Button",["zoomScale","_N$transition","node","clickEvents","_N$target"],1,1,9,1],["cc.ClickEvent",["_componentId","handler","target"],1,1],["cc.PrefabInfo",["fileId","root"],2,1],["cc.Sprite",["node","_materials","_spriteFrame"],3,1,3,6]],[[6,0,1,2],[7,0,1,2,1],[1,0,1,6,2,3,4,7,3],[2,0,2],[1,0,5,2,3,4,2],[1,0,6,5,2,3,4,7,8,2],[3,0,1],[4,0,1,2,3,4,3],[5,0,1,2,3]],[[[{"name":"icon_1","rect":[0,0,78,94],"offset":[0,0],"originalSize":[78,94],"capInsets":[0,0,0,0]}],[0],0,[0],[1],[1]],[[{"name":"ys_1","rect":[0,0,78,95],"offset":[0,0],"originalSize":[78,95],"capInsets":[0,0,0,0]}],[0],0,[0],[1],[2]],[[[3,"MahjongPrefab"],[4,"MahjongPrefab",[-6],[[6,-2],[7,0.9,3,-5,[[8,"eb153Lx9DJKJJqG1Fam+c7l","btn_click",-4]],-3]],[0,"b2ZtyghmxKkKYRjhiWHZhx",-1],[5,78,94]],[5,"node_icon",1,[-8,-9],[[1,-7,[4],5]],[0,"09He5LV+9EDZwlucBIrtyJ",1],[5,78,94],[0,0.5,0],[0,-47,0,0,0,0,1,1,1,1]],[2,"node_red",false,2,[[1,-10,[0],1]],[0,"567JeT6aJAYrcfKwn9WHPV",1],[5,78,95],[0,0.5,0]],[2,"node_green",false,2,[[1,-11,[2],3]],[0,"878xAYmsJEt7sNvN/oWBcG",1],[5,78,95],[0,0.5,0]]],0,[0,3,1,0,0,1,0,4,1,0,5,1,0,0,1,0,-1,2,0,0,2,0,-1,3,0,-2,4,0,0,3,0,0,4,0,6,1,11],[0,0,0,0,0,0],[-1,2,-1,2,-1,2],[0,3,0,4,0,5]],[[{"name":"ys_2","rect":[0,0,78,95],"offset":[0,0],"originalSize":[78,95],"capInsets":[0,0,0,0]}],[0],0,[0],[1],[6]]]]