[1,["f1z86jLEFB1JNwuLEQZk55"],0,[["sp.SkeletonData",["_name","_atlasText","textureNames","_skeletonJson","textures"],-1,3]],[[0,0,1,2,3,4,5]],[[0,"bianfu","\nbianfu.png\nsize: 1561,439\nformat: RGBA8888\nfilter: Linear,Linear\nrepeat: none\n柠檬\n  rotate: false\n  xy: 2, 234\n  size: 328, 203\n  orig: 405, 405\n  offset: 37, 88\n  index: -1\n爆开/0\n  rotate: false\n  xy: 1500, 53\n  size: 38, 38\n  orig: 400, 400\n  offset: 181, 181\n  index: -1\n爆开/1\n  rotate: true\n  xy: 1427, 22\n  size: 69, 71\n  orig: 400, 400\n  offset: 165, 165\n  index: -1\n爆开/10\n  rotate: true\n  xy: 2, 14\n  size: 218, 258\n  orig: 400, 400\n  offset: 84, 80\n  index: -1\n爆开/11\n  rotate: false\n  xy: 262, 6\n  size: 229, 226\n  orig: 400, 400\n  offset: 80, 75\n  index: -1\n爆开/12\n  rotate: false\n  xy: 1091, 208\n  size: 241, 229\n  orig: 400, 400\n  offset: 76, 73\n  index: -1\n爆开/13\n  rotate: false\n  xy: 595, 211\n  size: 248, 226\n  orig: 400, 400\n  offset: 78, 74\n  index: -1\n爆开/14\n  rotate: false\n  xy: 332, 236\n  size: 261, 201\n  orig: 400, 400\n  offset: 71, 71\n  index: -1\n爆开/2\n  rotate: false\n  xy: 1427, 93\n  size: 102, 107\n  orig: 400, 400\n  offset: 148, 146\n  index: -1\n爆开/3\n  rotate: true\n  xy: 1091, 38\n  size: 168, 177\n  orig: 400, 400\n  offset: 114, 111\n  index: -1\n爆开/4\n  rotate: false\n  xy: 1270, 48\n  size: 155, 152\n  orig: 400, 400\n  offset: 115, 127\n  index: -1\n爆开/5\n  rotate: false\n  xy: 906, 18\n  size: 182, 187\n  orig: 400, 400\n  offset: 101, 110\n  index: -1\n爆开/6\n  rotate: false\n  xy: 709, 4\n  size: 195, 201\n  orig: 400, 400\n  offset: 95, 104\n  index: -1\n爆开/7\n  rotate: true\n  xy: 493, 2\n  size: 207, 214\n  orig: 400, 400\n  offset: 90, 98\n  index: -1\n爆开/8\n  rotate: false\n  xy: 1334, 202\n  size: 225, 235\n  orig: 400, 400\n  offset: 84, 89\n  index: -1\n爆开/9\n  rotate: true\n  xy: 845, 207\n  size: 230, 244\n  orig: 400, 400\n  offset: 82, 85\n  index: -1\n",["bianfu.png"],{"skeleton":{"hash":"NsSKAggxw+rxzKuFcQSKChN4bms","spine":"3.8.85","x":-465.45,"y":-460.92,"width":929.42,"height":929.42,"images":"C:/Users/ADMIN/Desktop/想要的","audio":"D:\\yanjing\\新建文件夹\\原来的"},"bones":[{"name":"root"},{"name":"bone","parent":"root","length":348.55,"rotation":1.07,"x":-24.31,"y":-292,"scaleX":2.1022,"scaleY":2.1022},{"name":"baokai","parent":"bone","length":36.9,"rotation":-1.07,"x":13.84,"y":140.47,"scaleX":1.1053,"scaleY":1.1053},{"name":"shuiguo","parent":"bone","rotation":-1.07,"x":13.84,"y":140.47,"scaleX":0.3711,"scaleY":0.3711},{"name":"shuiguo5","parent":"shuiguo","length":43.02,"rotation":96.37,"x":0.31,"y":4.71},{"name":"shuiguo6","parent":"shuiguo","length":30.44,"rotation":147.92,"x":-5.05,"y":-0.59},{"name":"shuiguo7","parent":"shuiguo6","length":41.63,"rotation":-1.85,"x":30.57,"y":-0.03},{"name":"shuiguo8","parent":"shuiguo5","length":51.93,"rotation":-1.38,"x":43.26,"y":-0.49},{"name":"shuiguo2","parent":"shuiguo","length":30.61,"rotation":43.69,"x":8.41,"y":2.37},{"name":"shuiguo3","parent":"shuiguo2","length":32.67,"rotation":7.26,"x":30.51,"y":0.1},{"name":"shuiguo4","parent":"bone","rotation":-1.07,"x":13.84,"y":140.47,"scaleX":0.3711,"scaleY":0.3711},{"name":"shuiguo9","parent":"shuiguo4","length":43.02,"rotation":96.37,"x":0.31,"y":4.71},{"name":"shuiguo10","parent":"shuiguo9","length":51.93,"rotation":-1.38,"x":43.26,"y":-0.49},{"name":"shuiguo11","parent":"shuiguo4","length":30.44,"rotation":147.92,"x":-5.05,"y":-0.59},{"name":"shuiguo12","parent":"shuiguo11","length":41.63,"rotation":-1.85,"x":30.57,"y":-0.03},{"name":"shuiguo13","parent":"shuiguo4","length":30.61,"rotation":43.69,"x":8.41,"y":2.37},{"name":"shuiguo14","parent":"shuiguo13","length":32.67,"rotation":7.26,"x":30.51,"y":0.1},{"name":"shuiguo15","parent":"bone","rotation":-1.07,"x":13.84,"y":140.47,"scaleX":0.3711,"scaleY":0.3711},{"name":"shuiguo16","parent":"shuiguo15","length":43.02,"rotation":96.37,"x":0.31,"y":4.71},{"name":"shuiguo17","parent":"shuiguo16","length":51.93,"rotation":-1.38,"x":43.26,"y":-0.49},{"name":"shuiguo18","parent":"shuiguo15","length":30.44,"rotation":147.92,"x":-5.05,"y":-0.59},{"name":"shuiguo19","parent":"shuiguo18","length":41.63,"rotation":-1.85,"x":30.57,"y":-0.03},{"name":"shuiguo20","parent":"shuiguo15","length":30.61,"rotation":43.69,"x":8.41,"y":2.37},{"name":"shuiguo21","parent":"shuiguo20","length":32.67,"rotation":7.26,"x":30.51,"y":0.1},{"name":"shuiguo22","parent":"bone","rotation":-1.07,"x":13.84,"y":140.47,"scaleX":0.3711,"scaleY":0.3711},{"name":"shuiguo23","parent":"shuiguo22","length":43.02,"rotation":96.37,"x":0.31,"y":4.71},{"name":"shuiguo24","parent":"shuiguo23","length":51.93,"rotation":-1.38,"x":43.26,"y":-0.49},{"name":"shuiguo25","parent":"shuiguo22","length":30.44,"rotation":147.92,"x":-5.05,"y":-0.59},{"name":"shuiguo26","parent":"shuiguo25","length":41.63,"rotation":-1.85,"x":30.57,"y":-0.03},{"name":"shuiguo27","parent":"shuiguo22","length":30.61,"rotation":43.69,"x":8.41,"y":2.37},{"name":"shuiguo28","parent":"shuiguo27","length":32.67,"rotation":7.26,"x":30.51,"y":0.1},{"name":"shuiguo29","parent":"bone","rotation":-1.07,"x":13.84,"y":140.47,"scaleX":0.3711,"scaleY":0.3711},{"name":"shuiguo30","parent":"shuiguo29","length":43.02,"rotation":96.37,"x":0.31,"y":4.71},{"name":"shuiguo31","parent":"shuiguo30","length":51.93,"rotation":-1.38,"x":43.26,"y":-0.49},{"name":"shuiguo32","parent":"shuiguo29","length":30.44,"rotation":147.92,"x":-5.05,"y":-0.59},{"name":"shuiguo33","parent":"shuiguo32","length":41.63,"rotation":-1.85,"x":30.57,"y":-0.03},{"name":"shuiguo34","parent":"shuiguo29","length":30.61,"rotation":43.69,"x":8.41,"y":2.37},{"name":"shuiguo35","parent":"shuiguo34","length":32.67,"rotation":7.26,"x":30.51,"y":0.1},{"name":"shuiguo36","parent":"bone","rotation":-1.07,"x":13.84,"y":140.47,"scaleX":0.3711,"scaleY":0.3711},{"name":"shuiguo37","parent":"shuiguo36","length":43.02,"rotation":96.37,"x":0.31,"y":4.71},{"name":"shuiguo38","parent":"shuiguo37","length":51.93,"rotation":-1.38,"x":43.26,"y":-0.49},{"name":"shuiguo39","parent":"shuiguo36","length":30.44,"rotation":147.92,"x":-5.05,"y":-0.59},{"name":"shuiguo40","parent":"shuiguo39","length":41.63,"rotation":-1.85,"x":30.57,"y":-0.03},{"name":"shuiguo41","parent":"shuiguo36","length":30.61,"rotation":43.69,"x":8.41,"y":2.37},{"name":"shuiguo42","parent":"shuiguo41","length":32.67,"rotation":7.26,"x":30.51,"y":0.1},{"name":"shuiguo43","parent":"bone","rotation":-1.07,"x":13.84,"y":140.47,"scaleX":0.3711,"scaleY":0.3711},{"name":"shuiguo44","parent":"shuiguo43","length":43.02,"rotation":96.37,"x":0.31,"y":4.71},{"name":"shuiguo45","parent":"shuiguo44","length":51.93,"rotation":-1.38,"x":43.26,"y":-0.49},{"name":"shuiguo46","parent":"shuiguo43","length":30.44,"rotation":147.92,"x":-5.05,"y":-0.59},{"name":"shuiguo47","parent":"shuiguo46","length":41.63,"rotation":-1.85,"x":30.57,"y":-0.03},{"name":"shuiguo48","parent":"shuiguo43","length":30.61,"rotation":43.69,"x":8.41,"y":2.37},{"name":"shuiguo49","parent":"shuiguo48","length":32.67,"rotation":7.26,"x":30.51,"y":0.1},{"name":"shuiguo50","parent":"bone","rotation":-1.07,"x":13.84,"y":140.47,"scaleX":0.3711,"scaleY":0.3711},{"name":"shuiguo51","parent":"shuiguo50","length":43.02,"rotation":96.37,"x":0.31,"y":4.71},{"name":"shuiguo52","parent":"shuiguo51","length":51.93,"rotation":-1.38,"x":43.26,"y":-0.49},{"name":"shuiguo53","parent":"shuiguo50","length":30.44,"rotation":147.92,"x":-5.05,"y":-0.59},{"name":"shuiguo54","parent":"shuiguo53","length":41.63,"rotation":-1.85,"x":30.57,"y":-0.03},{"name":"shuiguo55","parent":"shuiguo50","length":30.61,"rotation":43.69,"x":8.41,"y":2.37},{"name":"shuiguo56","parent":"shuiguo55","length":32.67,"rotation":7.26,"x":30.51,"y":0.1},{"name":"shuiguo57","parent":"bone","rotation":-1.07,"x":13.84,"y":140.47,"scaleX":0.3711,"scaleY":0.3711},{"name":"shuiguo58","parent":"shuiguo57","length":43.02,"rotation":96.37,"x":0.31,"y":4.71},{"name":"shuiguo59","parent":"shuiguo58","length":51.93,"rotation":-1.38,"x":43.26,"y":-0.49},{"name":"shuiguo60","parent":"shuiguo57","length":30.44,"rotation":147.92,"x":-5.05,"y":-0.59},{"name":"shuiguo61","parent":"shuiguo60","length":41.63,"rotation":-1.85,"x":30.57,"y":-0.03},{"name":"shuiguo62","parent":"shuiguo57","length":30.61,"rotation":43.69,"x":8.41,"y":2.37},{"name":"shuiguo63","parent":"shuiguo62","length":32.67,"rotation":7.26,"x":30.51,"y":0.1},{"name":"shuiguo64","parent":"bone","rotation":-1.07,"x":13.84,"y":140.47,"scaleX":0.3711,"scaleY":0.3711},{"name":"shuiguo65","parent":"shuiguo64","length":43.02,"rotation":96.37,"x":0.31,"y":4.71},{"name":"shuiguo66","parent":"shuiguo65","length":51.93,"rotation":-1.38,"x":43.26,"y":-0.49},{"name":"shuiguo67","parent":"shuiguo64","length":30.44,"rotation":147.92,"x":-5.05,"y":-0.59},{"name":"shuiguo68","parent":"shuiguo67","length":41.63,"rotation":-1.85,"x":30.57,"y":-0.03},{"name":"shuiguo69","parent":"shuiguo64","length":30.61,"rotation":43.69,"x":8.41,"y":2.37},{"name":"shuiguo70","parent":"shuiguo69","length":32.67,"rotation":7.26,"x":30.51,"y":0.1}],"slots":[{"name":"baokai","bone":"baokai","attachment":"爆开/5"},{"name":"柠檬","bone":"shuiguo","attachment":"柠檬2"},{"name":"柠檬5","bone":"shuiguo29","attachment":"柠檬2"},{"name":"柠檬3","bone":"shuiguo15","attachment":"柠檬2"},{"name":"柠檬7","bone":"shuiguo43","attachment":"柠檬2"},{"name":"柠檬9","bone":"shuiguo57","attachment":"柠檬2"},{"name":"柠檬2","bone":"shuiguo4","attachment":"柠檬2"},{"name":"柠檬6","bone":"shuiguo36","attachment":"柠檬2"},{"name":"柠檬4","bone":"shuiguo22","attachment":"柠檬2"},{"name":"柠檬8","bone":"shuiguo50","attachment":"柠檬2"},{"name":"柠檬10","bone":"shuiguo64","attachment":"柠檬2"}],"skins":[{"name":"default","attachments":{"baokai":{"爆开/0":{"width":400,"height":400},"爆开/1":{"width":400,"height":400},"爆开/2":{"width":400,"height":400},"爆开/3":{"width":400,"height":400},"爆开/4":{"width":400,"height":400},"爆开/5":{"width":400,"height":400},"爆开/6":{"width":400,"height":400},"爆开/7":{"width":400,"height":400},"爆开/8":{"width":400,"height":400},"爆开/9":{"width":400,"height":400},"爆开/10":{"width":400,"height":400},"爆开/11":{"width":400,"height":400},"爆开/12":{"width":400,"height":400},"爆开/13":{"width":400,"height":400},"爆开/14":{"width":400,"height":400}},"柠檬":{"柠檬2":{"path":"柠檬","scaleX":0.5,"scaleY":0.5,"rotation":0.03,"width":405,"height":405}},"柠檬10":{"柠檬2":{"path":"柠檬","scaleX":0.5,"scaleY":0.5,"rotation":0.03,"width":405,"height":405}},"柠檬2":{"柠檬2":{"path":"柠檬","scaleX":0.5,"scaleY":0.5,"rotation":0.03,"width":405,"height":405}},"柠檬3":{"柠檬2":{"path":"柠檬","scaleX":0.5,"scaleY":0.5,"rotation":0.03,"width":405,"height":405}},"柠檬4":{"柠檬2":{"path":"柠檬","scaleX":0.5,"scaleY":0.5,"rotation":0.03,"width":405,"height":405}},"柠檬5":{"柠檬2":{"path":"柠檬","scaleX":0.5,"scaleY":0.5,"rotation":0.03,"width":405,"height":405}},"柠檬6":{"柠檬2":{"path":"柠檬","scaleX":0.5,"scaleY":0.5,"rotation":0.03,"width":405,"height":405}},"柠檬7":{"柠檬2":{"path":"柠檬","scaleX":0.5,"scaleY":0.5,"rotation":0.03,"width":405,"height":405}},"柠檬8":{"柠檬2":{"path":"柠檬","scaleX":0.5,"scaleY":0.5,"rotation":0.03,"width":405,"height":405}},"柠檬9":{"柠檬2":{"path":"柠檬","scaleX":0.5,"scaleY":0.5,"rotation":0.03,"width":405,"height":405}}}}],"animations":{"baokai":{"slots":{"baokai":{"attachment":[{"name":"爆开/0"},{"time":0.0333,"name":"爆开/1"},{"time":0.0667,"name":"爆开/2"},{"time":0.1,"name":"爆开/3"},{"time":0.1333,"name":"爆开/4"},{"time":0.1667,"name":"爆开/5"},{"time":0.2,"name":"爆开/6"},{"time":0.2333,"name":"爆开/7"},{"time":0.2667,"name":"爆开/8"},{"time":0.3,"name":"爆开/9"},{"time":0.3333,"name":"爆开/10"},{"time":0.3667,"name":"爆开/11"},{"time":0.4,"name":"爆开/12"},{"time":0.4333,"name":"爆开/13"},{"time":0.4667,"name":"爆开/14"},{"time":0.5,"name":null}]},"柠檬":{"color":[{"color":"ffffff00"},{"time":0.0333,"color":"ffffffff","curve":"stepped"},{"time":0.3,"color":"ffffffff"},{"time":0.3333,"color":"ffffff00"}]},"柠檬2":{"color":[{"color":"ffffff00"},{"time":0.0333,"color":"ffffffff","curve":"stepped"},{"time":0.2667,"color":"ffffffff"},{"time":0.3,"color":"ffffff00"}]},"柠檬3":{"color":[{"color":"ffffff00"},{"time":0.0333,"color":"ffffffff","curve":"stepped"},{"time":0.4,"color":"ffffffff"},{"time":0.4333,"color":"ffffff00"}]},"柠檬4":{"color":[{"color":"ffffff00"},{"time":0.0333,"color":"ffffffff","curve":"stepped"},{"time":0.3333,"color":"ffffffff"},{"time":0.3667,"color":"ffffff00"}]},"柠檬5":{"color":[{"color":"ffffff00"},{"time":0.0333,"color":"ffffffff","curve":"stepped"},{"time":0.4,"color":"ffffffff"},{"time":0.4333,"color":"ffffff00"}]},"柠檬6":{"color":[{"color":"ffffff00"},{"time":0.0333,"color":"ffffffff","curve":"stepped"},{"time":0.3,"color":"ffffffff"},{"time":0.3333,"color":"ffffff00"}]},"柠檬7":{"color":[{"color":"ffffff00"},{"time":0.0333,"color":"ffffffff","curve":"stepped"},{"time":0.2667,"color":"ffffffff"},{"time":0.3,"color":"ffffff00"}]},"柠檬8":{"color":[{"color":"ffffff00"},{"time":0.0333,"color":"ffffffff","curve":"stepped"},{"time":0.2667,"color":"ffffffff"},{"time":0.3,"color":"ffffff00"}]},"柠檬9":{"color":[{"color":"ffffff00"},{"time":0.0333,"color":"ffffffff","curve":"stepped"},{"time":0.3333,"color":"ffffffff"},{"time":0.3667,"color":"ffffff00"}]},"柠檬10":{"color":[{"color":"ffffff00"},{"time":0.0333,"color":"ffffffff","curve":"stepped"},{"time":0.3333,"color":"ffffffff"},{"time":0.3667,"color":"ffffff00"}]}},"bones":{"shuiguo":{"translate":[{},{"time":0.0333,"x":5,"y":62.52},{"time":0.5,"y":117.66}],"scale":[{"x":0,"y":0},{"time":0.0333,"curve":"stepped"},{"time":0.2667},{"time":0.3,"x":0.714,"y":0.714}]},"shuiguo4":{"rotate":[{},{"time":0.0333,"angle":-55.54}],"translate":[{},{"time":0.0333,"x":51.56,"y":37.57},{"time":0.5,"x":73.72,"y":49.98}],"scale":[{"x":0,"y":0},{"time":0.0333,"curve":"stepped"},{"time":0.2333},{"time":0.2667,"x":0.714,"y":0.714}]},"shuiguo15":{"rotate":[{},{"time":0.0333,"angle":28.19}],"translate":[{},{"time":0.0333,"x":-44.33,"y":12.66},{"time":0.5,"x":-120.58,"y":37.01}],"scale":[{"x":0,"y":0},{"time":0.0333,"curve":"stepped"},{"time":0.3667},{"time":0.4,"x":0.714,"y":0.714}]},"shuiguo22":{"rotate":[{},{"time":0.0333,"angle":114.57}],"translate":[{},{"time":0.0333,"x":-10.8,"y":-11.66},{"time":0.5,"x":-50.44,"y":-63.78}],"scale":[{"x":0,"y":0},{"time":0.0333,"curve":"stepped"},{"time":0.3},{"time":0.3333,"x":0.714,"y":0.714}]},"shuiguo29":{"rotate":[{},{"time":0.0333,"angle":-160.04}],"translate":[{},{"time":0.0333,"x":7.77,"y":-10.76},{"time":0.5,"x":24.13,"y":-85.3}],"scale":[{"x":0,"y":0},{"time":0.0333,"curve":"stepped"},{"time":0.3667},{"time":0.4,"x":0.714,"y":0.714}]},"shuiguo36":{"rotate":[{},{"time":0.0333,"angle":-85.38}],"translate":[{},{"time":0.0333,"x":20.06,"y":1.72},{"time":0.5,"x":136.02,"y":-20.44}],"scale":[{"x":0,"y":0},{"time":0.0333,"curve":"stepped"},{"time":0.2667},{"time":0.3,"x":0.714,"y":0.714}]},"shuiguo43":{"rotate":[{},{"time":0.0333,"angle":93.37}],"translate":[{},{"time":0.0333,"x":-11.06,"y":-48.35},{"time":0.5,"x":-54.33,"y":-141.33}],"scale":[{"x":0,"y":0},{"time":0.0333,"curve":"stepped"},{"time":0.2333},{"time":0.2667,"x":0.714,"y":0.714}]},"shuiguo50":{"translate":[{},{"time":0.0333,"x":-9.6,"y":13.8},{"time":0.5,"x":-52.69,"y":61.34}],"scale":[{"x":0,"y":0},{"time":0.0333,"curve":"stepped"},{"time":0.2333},{"time":0.2667,"x":0.714,"y":0.714}]},"shuiguo57":{"rotate":[{},{"time":0.0333,"angle":-123.82}],"translate":[{},{"time":0.0333,"x":55.18,"y":-26.12},{"time":0.5,"x":119.54,"y":-115.91}],"scale":[{"x":0,"y":0},{"time":0.0333,"curve":"stepped"},{"time":0.3},{"time":0.3333,"x":0.714,"y":0.714}]},"shuiguo64":{"rotate":[{},{"time":0.0333,"angle":77.35}],"translate":[{},{"time":0.0333,"x":-34.84,"y":-21.68},{"time":0.5,"x":-127.68,"y":-36.61}],"scale":[{"x":0,"y":0},{"time":0.0333,"curve":"stepped"},{"time":0.3},{"time":0.3333,"x":0.714,"y":0.714}]},"shuiguo2":{"rotate":[{"angle":30.3},{"time":0.5,"angle":-17.21}]},"shuiguo3":{"rotate":[{"angle":23.66},{"time":0.5,"angle":-17.21}],"translate":[{"x":-3.01,"y":-0.05},{"time":0.5}]},"shuiguo5":{"rotate":[{"angle":30.3},{"time":0.5,"angle":-17.21}]},"shuiguo8":{"rotate":[{"angle":21.95},{"time":0.5,"angle":-17.21}],"translate":[{"x":-4.75,"y":-1.1},{"time":0.5}]},"shuiguo6":{"rotate":[{"angle":30.3},{"time":0.5,"angle":-17.21}]},"shuiguo7":{"rotate":[{"angle":24.96},{"time":0.5,"angle":-17.21}],"translate":[{"x":-2.25,"y":0.05},{"time":0.5}]},"shuiguo10":{"rotate":[{"angle":-3.92},{"time":0.5,"angle":-27.44}],"translate":[{"x":-4.75,"y":-1.1}]},"shuiguo9":{"rotate":[{"angle":4.43},{"time":0.5,"angle":-19.09}]},"shuiguo12":{"rotate":[{"angle":-0.91},{"time":0.5,"angle":-24.44}],"translate":[{"x":-2.25,"y":0.05}]},"shuiguo11":{"rotate":[{"angle":4.43},{"time":0.5,"angle":-19.09}]},"shuiguo14":{"rotate":[{"angle":-2.21},{"time":0.5,"angle":-25.74}],"translate":[{"x":-3.01,"y":-0.05}]},"shuiguo13":{"rotate":[{"angle":4.43},{"time":0.5,"angle":-19.09}]},"shuiguo17":{"rotate":[{"angle":21.95},{"time":0.5,"angle":1.96}],"translate":[{"x":-4.75,"y":-1.1}]},"shuiguo16":{"rotate":[{"angle":30.3},{"time":0.5,"angle":10.31}]},"shuiguo19":{"rotate":[{"angle":24.96},{"time":0.5,"angle":4.97}],"translate":[{"x":-2.25,"y":0.05}]},"shuiguo18":{"rotate":[{"angle":30.3},{"time":0.5,"angle":10.31}]},"shuiguo21":{"rotate":[{"angle":23.66},{"time":0.5,"angle":3.67}],"translate":[{"x":-3.01,"y":-0.05}]},"shuiguo20":{"rotate":[{"angle":30.3},{"time":0.5,"angle":10.31}]},"shuiguo24":{"rotate":[{"angle":21.95},{"time":0.5,"angle":-8.28}],"translate":[{"x":-4.75,"y":-1.1}]},"shuiguo23":{"rotate":[{"angle":30.3},{"time":0.5,"angle":0.07}]},"shuiguo26":{"rotate":[{"angle":24.96},{"time":0.5,"angle":-5.28}],"translate":[{"x":-2.25,"y":0.05}]},"shuiguo25":{"rotate":[{"angle":30.3},{"time":0.5,"angle":0.07}]},"shuiguo28":{"rotate":[{"angle":23.66},{"time":0.5,"angle":-6.58}],"translate":[{"x":-3.01,"y":-0.05}]},"shuiguo27":{"rotate":[{"angle":30.3},{"time":0.5,"angle":0.07}]},"shuiguo31":{"rotate":[{"angle":-9.22},{"time":0.5,"angle":-0.3}],"translate":[{"x":-4.75,"y":-1.1}]},"shuiguo30":{"rotate":[{"angle":-0.87},{"time":0.5,"angle":8.05}]},"shuiguo33":{"rotate":[{"angle":-6.21},{"time":0.5,"angle":2.71}],"translate":[{"x":-2.25,"y":0.05}]},"shuiguo32":{"rotate":[{"angle":-0.87},{"time":0.5,"angle":8.05}]},"shuiguo35":{"rotate":[{"angle":-7.51},{"time":0.5,"angle":1.41}],"translate":[{"x":-3.01,"y":-0.05}]},"shuiguo34":{"rotate":[{"angle":-0.87},{"time":0.5,"angle":8.05}]},"shuiguo38":{"rotate":[{"angle":21.95},{"time":0.5,"angle":-21.09}],"translate":[{"x":-4.75,"y":-1.1}]},"shuiguo37":{"rotate":[{"angle":30.3},{"time":0.5,"angle":-12.74}]},"shuiguo40":{"rotate":[{"angle":24.96},{"time":0.5,"angle":-18.08}],"translate":[{"x":-2.25,"y":0.05}]},"shuiguo39":{"rotate":[{"angle":30.3},{"time":0.5,"angle":-12.74}]},"shuiguo42":{"rotate":[{"angle":23.66},{"time":0.5,"angle":-19.38}],"translate":[{"x":-3.01,"y":-0.05}]},"shuiguo41":{"rotate":[{"angle":30.3},{"time":0.5,"angle":-12.74}]},"shuiguo45":{"rotate":[{"angle":21.95},{"time":0.5,"angle":14.11}],"translate":[{"x":-4.75,"y":-1.1}]},"shuiguo44":{"rotate":[{"angle":30.3},{"time":0.5,"angle":22.46}]},"shuiguo47":{"rotate":[{"angle":24.96},{"time":0.5,"angle":17.11}],"translate":[{"x":-2.25,"y":0.05}]},"shuiguo46":{"rotate":[{"angle":30.3},{"time":0.5,"angle":22.46}]},"shuiguo49":{"rotate":[{"angle":23.66},{"time":0.5,"angle":15.81}],"translate":[{"x":-3.01,"y":-0.05}]},"shuiguo48":{"rotate":[{"angle":30.3},{"time":0.5,"angle":22.46}]},"shuiguo52":{"rotate":[{"angle":21.95},{"time":0.5,"angle":-5.68}],"translate":[{"x":-4.75,"y":-1.1}]},"shuiguo51":{"rotate":[{"angle":30.3},{"time":0.5,"angle":2.67}]},"shuiguo54":{"rotate":[{"angle":24.96},{"time":0.5,"angle":-2.67}],"translate":[{"x":-2.25,"y":0.05}]},"shuiguo53":{"rotate":[{"angle":30.3},{"time":0.5,"angle":2.67}]},"shuiguo56":{"rotate":[{"angle":23.66},{"time":0.5,"angle":-3.97}],"translate":[{"x":-3.01,"y":-0.05}]},"shuiguo55":{"rotate":[{"angle":30.3},{"time":0.5,"angle":2.67}]},"shuiguo59":{"rotate":[{"angle":21.95},{"time":0.5,"angle":-27.41}],"translate":[{"x":-4.75,"y":-1.1}]},"shuiguo58":{"rotate":[{"angle":30.3},{"time":0.5,"angle":-19.06}]},"shuiguo61":{"rotate":[{"angle":24.96},{"time":0.5,"angle":-24.41}],"translate":[{"x":-2.25,"y":0.05}]},"shuiguo60":{"rotate":[{"angle":30.3},{"time":0.5,"angle":-19.06}]},"shuiguo63":{"rotate":[{"angle":23.66},{"time":0.5,"angle":-25.71}],"translate":[{"x":-3.01,"y":-0.05}]},"shuiguo62":{"rotate":[{"angle":30.3},{"time":0.5,"angle":-19.06}]},"shuiguo66":{"rotate":[{"angle":-10.25},{"time":0.5,"angle":23.79}],"translate":[{"x":-4.75,"y":-1.1}]},"shuiguo65":{"rotate":[{"angle":-1.9},{"time":0.5,"angle":32.14}]},"shuiguo68":{"rotate":[{"angle":-7.25},{"time":0.5,"angle":26.8}],"translate":[{"x":-2.25,"y":0.05}]},"shuiguo67":{"rotate":[{"angle":-1.9},{"time":0.5,"angle":32.14}]},"shuiguo70":{"rotate":[{"angle":-8.55},{"time":0.5,"angle":25.5}],"translate":[{"x":-3.01,"y":-0.05}]},"shuiguo69":{"rotate":[{"angle":-1.9},{"time":0.5,"angle":32.14}]}}}}},[0]]],0,0,[0],[-1],[0]]